0,1
Datasets\captcha_images_v3\887748.png,887748
Datasets\captcha_images_v3\232306.png,232306
Datasets\captcha_images_v3\931140.png,931140
Datasets\captcha_images_v3\401574.png,401574
Datasets\captcha_images_v3\229711.png,229711
Datasets\captcha_images_v3\958622.png,958622
Datasets\captcha_images_v3\059981.png,059981
Datasets\captcha_images_v3\208490.png,208490
Datasets\captcha_images_v3\701069.png,701069
Datasets\captcha_images_v3\935879.png,935879
Datasets\captcha_images_v3\579757.png,579757
Datasets\captcha_images_v3\041946.png,041946
Datasets\captcha_images_v3\913687.png,913687
Datasets\captcha_images_v3\423312.png,423312
Datasets\captcha_images_v3\265240.png,265240
Datasets\captcha_images_v3\588954.png,588954
Datasets\captcha_images_v3\995231.png,995231
Datasets\captcha_images_v3\071907.png,071907
Datasets\captcha_images_v3\809119.png,809119
Datasets\captcha_images_v3\614213.png,614213
Datasets\captcha_images_v3\550557.png,550557
Datasets\captcha_images_v3\268716.png,268716
Datasets\captcha_images_v3\116119.png,116119
Datasets\captcha_images_v3\751161.png,751161
Datasets\captcha_images_v3\421697.png,421697
Datasets\captcha_images_v3\117503.png,117503
Datasets\captcha_images_v3\723608.png,723608
Datasets\captcha_images_v3\706991.png,706991
Datasets\captcha_images_v3\452743.png,452743
Datasets\captcha_images_v3\835799.png,835799
Datasets\captcha_images_v3\990281.png,990281
Datasets\captcha_images_v3\173533.png,173533
Datasets\captcha_images_v3\899169.png,899169
Datasets\captcha_images_v3\060624.png,060624
Datasets\captcha_images_v3\910954.png,910954
Datasets\captcha_images_v3\004261.png,004261
Datasets\captcha_images_v3\432063.png,432063
Datasets\captcha_images_v3\417474.png,417474
Datasets\captcha_images_v3\113903.png,113903
Datasets\captcha_images_v3\387233.png,387233
Datasets\captcha_images_v3\785164.png,785164
Datasets\captcha_images_v3\818235.png,818235
Datasets\captcha_images_v3\367671.png,367671
Datasets\captcha_images_v3\637626.png,637626
Datasets\captcha_images_v3\120797.png,120797
Datasets\captcha_images_v3\205590.png,205590
Datasets\captcha_images_v3\468759.png,468759
Datasets\captcha_images_v3\658408.png,658408
Datasets\captcha_images_v3\678170.png,678170
Datasets\captcha_images_v3\090965.png,090965
Datasets\captcha_images_v3\927346.png,927346
Datasets\captcha_images_v3\377276.png,377276
Datasets\captcha_images_v3\091794.png,091794
Datasets\captcha_images_v3\034875.png,034875
Datasets\captcha_images_v3\831879.png,831879
Datasets\captcha_images_v3\212547.png,212547
Datasets\captcha_images_v3\986196.png,986196
Datasets\captcha_images_v3\290872.png,290872
Datasets\captcha_images_v3\168929.png,168929
Datasets\captcha_images_v3\547835.png,547835
Datasets\captcha_images_v3\309323.png,309323
Datasets\captcha_images_v3\952642.png,952642
Datasets\captcha_images_v3\321645.png,321645
Datasets\captcha_images_v3\772545.png,772545
Datasets\captcha_images_v3\859391.png,859391
Datasets\captcha_images_v3\082278.png,082278
Datasets\captcha_images_v3\899628.png,899628
Datasets\captcha_images_v3\677941.png,677941
Datasets\captcha_images_v3\288514.png,288514
Datasets\captcha_images_v3\433701.png,433701
Datasets\captcha_images_v3\039611.png,039611
Datasets\captcha_images_v3\852250.png,852250
Datasets\captcha_images_v3\150363.png,150363
Datasets\captcha_images_v3\050885.png,050885
Datasets\captcha_images_v3\853529.png,853529
Datasets\captcha_images_v3\043629.png,043629
Datasets\captcha_images_v3\873975.png,873975
Datasets\captcha_images_v3\170207.png,170207
Datasets\captcha_images_v3\005759.png,005759
Datasets\captcha_images_v3\131553.png,131553
Datasets\captcha_images_v3\486897.png,486897
Datasets\captcha_images_v3\207250.png,207250
Datasets\captcha_images_v3\982120.png,982120
Datasets\captcha_images_v3\358105.png,358105
Datasets\captcha_images_v3\930994.png,930994
Datasets\captcha_images_v3\047039.png,047039
Datasets\captcha_images_v3\206890.png,206890
Datasets\captcha_images_v3\145564.png,145564
Datasets\captcha_images_v3\202999.png,202999
Datasets\captcha_images_v3\083309.png,083309
Datasets\captcha_images_v3\833735.png,833735
Datasets\captcha_images_v3\182271.png,182271
Datasets\captcha_images_v3\083820.png,083820
Datasets\captcha_images_v3\879121.png,879121
Datasets\captcha_images_v3\239662.png,239662
Datasets\captcha_images_v3\984438.png,984438
Datasets\captcha_images_v3\153977.png,153977
Datasets\captcha_images_v3\846396.png,846396
Datasets\captcha_images_v3\736811.png,736811
Datasets\captcha_images_v3\467478.png,467478
Datasets\captcha_images_v3\130585.png,130585
Datasets\captcha_images_v3\935054.png,935054
Datasets\captcha_images_v3\038317.png,038317
Datasets\captcha_images_v3\668146.png,668146
Datasets\captcha_images_v3\446842.png,446842
Datasets\captcha_images_v3\795745.png,795745
Datasets\captcha_images_v3\314130.png,314130
Datasets\captcha_images_v3\054205.png,054205
Datasets\captcha_images_v3\635527.png,635527
Datasets\captcha_images_v3\899986.png,899986
Datasets\captcha_images_v3\663440.png,663440
Datasets\captcha_images_v3\637405.png,637405
Datasets\captcha_images_v3\005939.png,005939
Datasets\captcha_images_v3\344645.png,344645
Datasets\captcha_images_v3\687197.png,687197
Datasets\captcha_images_v3\838577.png,838577
Datasets\captcha_images_v3\951590.png,951590
Datasets\captcha_images_v3\484839.png,484839
Datasets\captcha_images_v3\270305.png,270305
Datasets\captcha_images_v3\800913.png,800913
Datasets\captcha_images_v3\496476.png,496476
Datasets\captcha_images_v3\456923.png,456923
Datasets\captcha_images_v3\406238.png,406238
Datasets\captcha_images_v3\347687.png,347687
Datasets\captcha_images_v3\581318.png,581318
Datasets\captcha_images_v3\609618.png,609618
Datasets\captcha_images_v3\550422.png,550422
Datasets\captcha_images_v3\789375.png,789375
Datasets\captcha_images_v3\876632.png,876632
Datasets\captcha_images_v3\514136.png,514136
Datasets\captcha_images_v3\066831.png,066831
Datasets\captcha_images_v3\558453.png,558453
Datasets\captcha_images_v3\326986.png,326986
Datasets\captcha_images_v3\926403.png,926403
Datasets\captcha_images_v3\100754.png,100754
Datasets\captcha_images_v3\580946.png,580946
Datasets\captcha_images_v3\073028.png,073028
Datasets\captcha_images_v3\299691.png,299691
Datasets\captcha_images_v3\705076.png,705076
Datasets\captcha_images_v3\129782.png,129782
Datasets\captcha_images_v3\565039.png,565039
Datasets\captcha_images_v3\087985.png,087985
Datasets\captcha_images_v3\402033.png,402033
Datasets\captcha_images_v3\461896.png,461896
Datasets\captcha_images_v3\478507.png,478507
Datasets\captcha_images_v3\026531.png,026531
Datasets\captcha_images_v3\743858.png,743858
Datasets\captcha_images_v3\278824.png,278824
Datasets\captcha_images_v3\545487.png,545487
Datasets\captcha_images_v3\505885.png,505885
Datasets\captcha_images_v3\409474.png,409474
Datasets\captcha_images_v3\654831.png,654831
Datasets\captcha_images_v3\135398.png,135398
Datasets\captcha_images_v3\405986.png,405986
Datasets\captcha_images_v3\964687.png,964687
Datasets\captcha_images_v3\887858.png,887858
Datasets\captcha_images_v3\859751.png,859751
Datasets\captcha_images_v3\238503.png,238503
Datasets\captcha_images_v3\415525.png,415525
Datasets\captcha_images_v3\447921.png,447921
Datasets\captcha_images_v3\680928.png,680928
Datasets\captcha_images_v3\170412.png,170412
Datasets\captcha_images_v3\535171.png,535171
Datasets\captcha_images_v3\873666.png,873666
Datasets\captcha_images_v3\521508.png,521508
Datasets\captcha_images_v3\831875.png,831875
Datasets\captcha_images_v3\853239.png,853239
Datasets\captcha_images_v3\064220.png,064220
Datasets\captcha_images_v3\077177.png,077177
Datasets\captcha_images_v3\338024.png,338024
Datasets\captcha_images_v3\671816.png,671816
Datasets\captcha_images_v3\501690.png,501690
Datasets\captcha_images_v3\202281.png,202281
Datasets\captcha_images_v3\887610.png,887610
Datasets\captcha_images_v3\210615.png,210615
Datasets\captcha_images_v3\852245.png,852245
Datasets\captcha_images_v3\894383.png,894383
Datasets\captcha_images_v3\757809.png,757809
Datasets\captcha_images_v3\944399.png,944399
Datasets\captcha_images_v3\031292.png,031292
Datasets\captcha_images_v3\009717.png,009717
Datasets\captcha_images_v3\322432.png,322432
Datasets\captcha_images_v3\136063.png,136063
Datasets\captcha_images_v3\868797.png,868797
Datasets\captcha_images_v3\321685.png,321685
Datasets\captcha_images_v3\166553.png,166553
Datasets\captcha_images_v3\897927.png,897927
Datasets\captcha_images_v3\672634.png,672634
Datasets\captcha_images_v3\893564.png,893564
Datasets\captcha_images_v3\059739.png,059739
Datasets\captcha_images_v3\882380.png,882380
Datasets\captcha_images_v3\072493.png,072493
Datasets\captcha_images_v3\218357.png,218357
Datasets\captcha_images_v3\136218.png,136218
Datasets\captcha_images_v3\155364.png,155364
Datasets\captcha_images_v3\734858.png,734858
Datasets\captcha_images_v3\689295.png,689295
Datasets\captcha_images_v3\754749.png,754749
Datasets\captcha_images_v3\886486.png,886486
Datasets\captcha_images_v3\030055.png,030055
Datasets\captcha_images_v3\646631.png,646631
Datasets\captcha_images_v3\225332.png,225332
Datasets\captcha_images_v3\086629.png,086629
Datasets\captcha_images_v3\542746.png,542746
Datasets\captcha_images_v3\765285.png,765285
Datasets\captcha_images_v3\416214.png,416214
Datasets\captcha_images_v3\769245.png,769245
Datasets\captcha_images_v3\625902.png,625902
Datasets\captcha_images_v3\859583.png,859583
Datasets\captcha_images_v3\459708.png,459708
Datasets\captcha_images_v3\385836.png,385836
Datasets\captcha_images_v3\825217.png,825217
Datasets\captcha_images_v3\118750.png,118750
Datasets\captcha_images_v3\176707.png,176707
Datasets\captcha_images_v3\613014.png,613014
Datasets\captcha_images_v3\607010.png,607010
Datasets\captcha_images_v3\672862.png,672862
Datasets\captcha_images_v3\680661.png,680661
Datasets\captcha_images_v3\961274.png,961274
Datasets\captcha_images_v3\083086.png,083086
Datasets\captcha_images_v3\579535.png,579535
Datasets\captcha_images_v3\417011.png,417011
Datasets\captcha_images_v3\433270.png,433270
Datasets\captcha_images_v3\289839.png,289839
Datasets\captcha_images_v3\245001.png,245001
Datasets\captcha_images_v3\570198.png,570198
Datasets\captcha_images_v3\219150.png,219150
Datasets\captcha_images_v3\558104.png,558104
Datasets\captcha_images_v3\057238.png,057238
Datasets\captcha_images_v3\304969.png,304969
Datasets\captcha_images_v3\012953.png,012953
Datasets\captcha_images_v3\486584.png,486584
Datasets\captcha_images_v3\579616.png,579616
Datasets\captcha_images_v3\566520.png,566520
Datasets\captcha_images_v3\087881.png,087881
Datasets\captcha_images_v3\936772.png,936772
Datasets\captcha_images_v3\422050.png,422050
Datasets\captcha_images_v3\346431.png,346431
Datasets\captcha_images_v3\323602.png,323602
Datasets\captcha_images_v3\448478.png,448478
Datasets\captcha_images_v3\499860.png,499860
Datasets\captcha_images_v3\530293.png,530293
Datasets\captcha_images_v3\568376.png,568376
Datasets\captcha_images_v3\164736.png,164736
Datasets\captcha_images_v3\304660.png,304660
Datasets\captcha_images_v3\735570.png,735570
Datasets\captcha_images_v3\359852.png,359852
Datasets\captcha_images_v3\223148.png,223148
Datasets\captcha_images_v3\733704.png,733704
Datasets\captcha_images_v3\683637.png,683637
Datasets\captcha_images_v3\773289.png,773289
Datasets\captcha_images_v3\143167.png,143167
Datasets\captcha_images_v3\955075.png,955075
Datasets\captcha_images_v3\257530.png,257530
Datasets\captcha_images_v3\477447.png,477447
Datasets\captcha_images_v3\453098.png,453098
Datasets\captcha_images_v3\073493.png,073493
Datasets\captcha_images_v3\467523.png,467523
Datasets\captcha_images_v3\592592.png,592592
Datasets\captcha_images_v3\786093.png,786093
Datasets\captcha_images_v3\352633.png,352633
Datasets\captcha_images_v3\502811.png,502811
Datasets\captcha_images_v3\524800.png,524800
Datasets\captcha_images_v3\884523.png,884523
Datasets\captcha_images_v3\813489.png,813489
Datasets\captcha_images_v3\919377.png,919377
Datasets\captcha_images_v3\117142.png,117142
Datasets\captcha_images_v3\831126.png,831126
Datasets\captcha_images_v3\440115.png,440115
Datasets\captcha_images_v3\671898.png,671898
Datasets\captcha_images_v3\758896.png,758896
Datasets\captcha_images_v3\589839.png,589839
Datasets\captcha_images_v3\698237.png,698237
Datasets\captcha_images_v3\301089.png,301089
Datasets\captcha_images_v3\608648.png,608648
Datasets\captcha_images_v3\532575.png,532575
Datasets\captcha_images_v3\501974.png,501974
Datasets\captcha_images_v3\328220.png,328220
Datasets\captcha_images_v3\160082.png,160082
Datasets\captcha_images_v3\617670.png,617670
Datasets\captcha_images_v3\023144.png,023144
Datasets\captcha_images_v3\595037.png,595037
Datasets\captcha_images_v3\480453.png,480453
Datasets\captcha_images_v3\567815.png,567815
Datasets\captcha_images_v3\422121.png,422121
Datasets\captcha_images_v3\501131.png,501131
Datasets\captcha_images_v3\992039.png,992039
Datasets\captcha_images_v3\239459.png,239459
Datasets\captcha_images_v3\709131.png,709131
Datasets\captcha_images_v3\423126.png,423126
Datasets\captcha_images_v3\101926.png,101926
Datasets\captcha_images_v3\472168.png,472168
Datasets\captcha_images_v3\352886.png,352886
Datasets\captcha_images_v3\033507.png,033507
Datasets\captcha_images_v3\830756.png,830756
Datasets\captcha_images_v3\500196.png,500196
Datasets\captcha_images_v3\201488.png,201488
Datasets\captcha_images_v3\614424.png,614424
Datasets\captcha_images_v3\557526.png,557526
Datasets\captcha_images_v3\238074.png,238074
Datasets\captcha_images_v3\102439.png,102439
Datasets\captcha_images_v3\456387.png,456387
Datasets\captcha_images_v3\187461.png,187461
Datasets\captcha_images_v3\292219.png,292219
Datasets\captcha_images_v3\145529.png,145529
Datasets\captcha_images_v3\213255.png,213255
Datasets\captcha_images_v3\474423.png,474423
Datasets\captcha_images_v3\476497.png,476497
Datasets\captcha_images_v3\023719.png,023719
Datasets\captcha_images_v3\137661.png,137661
Datasets\captcha_images_v3\533819.png,533819
Datasets\captcha_images_v3\060143.png,060143
Datasets\captcha_images_v3\014145.png,014145
Datasets\captcha_images_v3\964894.png,964894
Datasets\captcha_images_v3\118861.png,118861
Datasets\captcha_images_v3\152204.png,152204
Datasets\captcha_images_v3\648918.png,648918
Datasets\captcha_images_v3\454979.png,454979
Datasets\captcha_images_v3\691348.png,691348
Datasets\captcha_images_v3\039402.png,039402
Datasets\captcha_images_v3\039391.png,039391
Datasets\captcha_images_v3\603170.png,603170
Datasets\captcha_images_v3\054825.png,054825
Datasets\captcha_images_v3\223937.png,223937
Datasets\captcha_images_v3\478279.png,478279
Datasets\captcha_images_v3\441716.png,441716
Datasets\captcha_images_v3\690707.png,690707
Datasets\captcha_images_v3\140821.png,140821
Datasets\captcha_images_v3\330386.png,330386
Datasets\captcha_images_v3\222783.png,222783
Datasets\captcha_images_v3\501405.png,501405
Datasets\captcha_images_v3\515921.png,515921
Datasets\captcha_images_v3\965050.png,965050
Datasets\captcha_images_v3\441461.png,441461
Datasets\captcha_images_v3\606207.png,606207
Datasets\captcha_images_v3\754098.png,754098
Datasets\captcha_images_v3\960371.png,960371
Datasets\captcha_images_v3\576038.png,576038
Datasets\captcha_images_v3\168327.png,168327
Datasets\captcha_images_v3\176048.png,176048
Datasets\captcha_images_v3\846666.png,846666
Datasets\captcha_images_v3\810974.png,810974
Datasets\captcha_images_v3\885527.png,885527
Datasets\captcha_images_v3\705750.png,705750
Datasets\captcha_images_v3\197361.png,197361
Datasets\captcha_images_v3\415090.png,415090
Datasets\captcha_images_v3\467638.png,467638
Datasets\captcha_images_v3\097028.png,097028
Datasets\captcha_images_v3\607523.png,607523
Datasets\captcha_images_v3\357517.png,357517
Datasets\captcha_images_v3\794968.png,794968
Datasets\captcha_images_v3\634122.png,634122
Datasets\captcha_images_v3\840620.png,840620
Datasets\captcha_images_v3\965431.png,965431
Datasets\captcha_images_v3\725942.png,725942
Datasets\captcha_images_v3\218491.png,218491
Datasets\captcha_images_v3\338327.png,338327
Datasets\captcha_images_v3\675174.png,675174
Datasets\captcha_images_v3\569756.png,569756
Datasets\captcha_images_v3\543072.png,543072
Datasets\captcha_images_v3\624198.png,624198
Datasets\captcha_images_v3\388921.png,388921
Datasets\captcha_images_v3\058766.png,058766
Datasets\captcha_images_v3\222281.png,222281
Datasets\captcha_images_v3\844655.png,844655
Datasets\captcha_images_v3\711686.png,711686
Datasets\captcha_images_v3\505837.png,505837
Datasets\captcha_images_v3\030581.png,030581
Datasets\captcha_images_v3\912744.png,912744
Datasets\captcha_images_v3\668696.png,668696
Datasets\captcha_images_v3\503084.png,503084
Datasets\captcha_images_v3\099637.png,099637
Datasets\captcha_images_v3\314206.png,314206
Datasets\captcha_images_v3\944485.png,944485
Datasets\captcha_images_v3\645118.png,645118
Datasets\captcha_images_v3\612012.png,612012
Datasets\captcha_images_v3\086601.png,086601
Datasets\captcha_images_v3\906597.png,906597
Datasets\captcha_images_v3\066524.png,066524
Datasets\captcha_images_v3\838301.png,838301
Datasets\captcha_images_v3\820943.png,820943
Datasets\captcha_images_v3\164809.png,164809
Datasets\captcha_images_v3\530873.png,530873
Datasets\captcha_images_v3\584692.png,584692
Datasets\captcha_images_v3\136413.png,136413
Datasets\captcha_images_v3\304265.png,304265
Datasets\captcha_images_v3\779522.png,779522
Datasets\captcha_images_v3\874369.png,874369
Datasets\captcha_images_v3\069888.png,069888
Datasets\captcha_images_v3\155838.png,155838
Datasets\captcha_images_v3\354650.png,354650
Datasets\captcha_images_v3\672111.png,672111
Datasets\captcha_images_v3\181229.png,181229
Datasets\captcha_images_v3\051878.png,051878
Datasets\captcha_images_v3\525054.png,525054
Datasets\captcha_images_v3\419262.png,419262
Datasets\captcha_images_v3\112127.png,112127
Datasets\captcha_images_v3\673616.png,673616
Datasets\captcha_images_v3\308206.png,308206
Datasets\captcha_images_v3\155211.png,155211
Datasets\captcha_images_v3\502808.png,502808
Datasets\captcha_images_v3\615672.png,615672
Datasets\captcha_images_v3\415589.png,415589
Datasets\captcha_images_v3\557216.png,557216
Datasets\captcha_images_v3\420513.png,420513
Datasets\captcha_images_v3\313672.png,313672
Datasets\captcha_images_v3\372726.png,372726
Datasets\captcha_images_v3\353784.png,353784
Datasets\captcha_images_v3\772400.png,772400
Datasets\captcha_images_v3\715336.png,715336
Datasets\captcha_images_v3\425229.png,425229
Datasets\captcha_images_v3\175385.png,175385
Datasets\captcha_images_v3\362407.png,362407
Datasets\captcha_images_v3\589625.png,589625
Datasets\captcha_images_v3\101722.png,101722
Datasets\captcha_images_v3\884609.png,884609
Datasets\captcha_images_v3\167770.png,167770
Datasets\captcha_images_v3\277591.png,277591
Datasets\captcha_images_v3\878221.png,878221
Datasets\captcha_images_v3\643715.png,643715
Datasets\captcha_images_v3\212700.png,212700
Datasets\captcha_images_v3\478867.png,478867
Datasets\captcha_images_v3\816398.png,816398
Datasets\captcha_images_v3\541349.png,541349
Datasets\captcha_images_v3\162328.png,162328
Datasets\captcha_images_v3\169327.png,169327
Datasets\captcha_images_v3\694639.png,694639
Datasets\captcha_images_v3\250225.png,250225
Datasets\captcha_images_v3\177690.png,177690
Datasets\captcha_images_v3\495280.png,495280
Datasets\captcha_images_v3\971427.png,971427
Datasets\captcha_images_v3\352715.png,352715
Datasets\captcha_images_v3\339475.png,339475
Datasets\captcha_images_v3\553807.png,553807
Datasets\captcha_images_v3\637623.png,637623
Datasets\captcha_images_v3\326212.png,326212
Datasets\captcha_images_v3\918876.png,918876
Datasets\captcha_images_v3\382134.png,382134
Datasets\captcha_images_v3\805066.png,805066
Datasets\captcha_images_v3\252533.png,252533
Datasets\captcha_images_v3\975649.png,975649
Datasets\captcha_images_v3\735477.png,735477
Datasets\captcha_images_v3\406396.png,406396
Datasets\captcha_images_v3\031281.png,031281
Datasets\captcha_images_v3\125524.png,125524
Datasets\captcha_images_v3\657045.png,657045
Datasets\captcha_images_v3\844515.png,844515
Datasets\captcha_images_v3\769459.png,769459
Datasets\captcha_images_v3\874794.png,874794
Datasets\captcha_images_v3\501049.png,501049
Datasets\captcha_images_v3\339311.png,339311
Datasets\captcha_images_v3\536038.png,536038
Datasets\captcha_images_v3\752357.png,752357
Datasets\captcha_images_v3\097635.png,097635
Datasets\captcha_images_v3\112425.png,112425
Datasets\captcha_images_v3\041476.png,041476
Datasets\captcha_images_v3\799899.png,799899
Datasets\captcha_images_v3\052916.png,052916
Datasets\captcha_images_v3\943760.png,943760
Datasets\captcha_images_v3\918620.png,918620
Datasets\captcha_images_v3\899429.png,899429
Datasets\captcha_images_v3\424962.png,424962
Datasets\captcha_images_v3\213786.png,213786
Datasets\captcha_images_v3\991728.png,991728
Datasets\captcha_images_v3\720910.png,720910
Datasets\captcha_images_v3\172181.png,172181
Datasets\captcha_images_v3\901309.png,901309
Datasets\captcha_images_v3\077663.png,077663
Datasets\captcha_images_v3\730241.png,730241
Datasets\captcha_images_v3\421581.png,421581
Datasets\captcha_images_v3\309674.png,309674
Datasets\captcha_images_v3\314262.png,314262
Datasets\captcha_images_v3\441238.png,441238
Datasets\captcha_images_v3\307283.png,307283
Datasets\captcha_images_v3\212638.png,212638
Datasets\captcha_images_v3\558395.png,558395
Datasets\captcha_images_v3\551883.png,551883
Datasets\captcha_images_v3\884657.png,884657
Datasets\captcha_images_v3\719326.png,719326
Datasets\captcha_images_v3\088712.png,088712
Datasets\captcha_images_v3\070337.png,070337
Datasets\captcha_images_v3\123068.png,123068
Datasets\captcha_images_v3\046951.png,046951
Datasets\captcha_images_v3\842376.png,842376
Datasets\captcha_images_v3\916696.png,916696
Datasets\captcha_images_v3\756365.png,756365
Datasets\captcha_images_v3\871054.png,871054
Datasets\captcha_images_v3\958923.png,958923
Datasets\captcha_images_v3\189437.png,189437
Datasets\captcha_images_v3\574029.png,574029
Datasets\captcha_images_v3\453899.png,453899
Datasets\captcha_images_v3\850062.png,850062
Datasets\captcha_images_v3\830041.png,830041
Datasets\captcha_images_v3\254608.png,254608
Datasets\captcha_images_v3\196731.png,196731
Datasets\captcha_images_v3\559334.png,559334
Datasets\captcha_images_v3\928169.png,928169
Datasets\captcha_images_v3\139485.png,139485
Datasets\captcha_images_v3\314943.png,314943
Datasets\captcha_images_v3\229314.png,229314
Datasets\captcha_images_v3\987075.png,987075
Datasets\captcha_images_v3\204075.png,204075
Datasets\captcha_images_v3\492397.png,492397
Datasets\captcha_images_v3\562189.png,562189
Datasets\captcha_images_v3\826066.png,826066
Datasets\captcha_images_v3\658399.png,658399
Datasets\captcha_images_v3\784298.png,784298
Datasets\captcha_images_v3\541955.png,541955
Datasets\captcha_images_v3\971519.png,971519
Datasets\captcha_images_v3\107410.png,107410
Datasets\captcha_images_v3\670739.png,670739
Datasets\captcha_images_v3\076373.png,076373
Datasets\captcha_images_v3\458776.png,458776
Datasets\captcha_images_v3\204636.png,204636
Datasets\captcha_images_v3\050666.png,050666
Datasets\captcha_images_v3\541008.png,541008
Datasets\captcha_images_v3\331034.png,331034
Datasets\captcha_images_v3\342847.png,342847
Datasets\captcha_images_v3\565299.png,565299
Datasets\captcha_images_v3\625480.png,625480
Datasets\captcha_images_v3\173862.png,173862
Datasets\captcha_images_v3\829799.png,829799
Datasets\captcha_images_v3\177303.png,177303
Datasets\captcha_images_v3\851017.png,851017
Datasets\captcha_images_v3\519515.png,519515
Datasets\captcha_images_v3\940540.png,940540
Datasets\captcha_images_v3\069137.png,069137
Datasets\captcha_images_v3\717188.png,717188
Datasets\captcha_images_v3\822603.png,822603
Datasets\captcha_images_v3\499993.png,499993
Datasets\captcha_images_v3\127827.png,127827
Datasets\captcha_images_v3\977430.png,977430
Datasets\captcha_images_v3\263532.png,263532
Datasets\captcha_images_v3\897544.png,897544
Datasets\captcha_images_v3\678024.png,678024
Datasets\captcha_images_v3\416738.png,416738
Datasets\captcha_images_v3\216506.png,216506
Datasets\captcha_images_v3\891550.png,891550
Datasets\captcha_images_v3\069307.png,069307
Datasets\captcha_images_v3\122038.png,122038
Datasets\captcha_images_v3\490088.png,490088
Datasets\captcha_images_v3\382448.png,382448
Datasets\captcha_images_v3\707711.png,707711
Datasets\captcha_images_v3\622062.png,622062
Datasets\captcha_images_v3\775393.png,775393
Datasets\captcha_images_v3\506905.png,506905
Datasets\captcha_images_v3\462061.png,462061
Datasets\captcha_images_v3\205176.png,205176
Datasets\captcha_images_v3\049356.png,049356
Datasets\captcha_images_v3\958941.png,958941
Datasets\captcha_images_v3\395639.png,395639
Datasets\captcha_images_v3\550019.png,550019
Datasets\captcha_images_v3\575107.png,575107
Datasets\captcha_images_v3\076555.png,076555
Datasets\captcha_images_v3\602643.png,602643
Datasets\captcha_images_v3\258556.png,258556
Datasets\captcha_images_v3\569702.png,569702
Datasets\captcha_images_v3\115251.png,115251
Datasets\captcha_images_v3\546080.png,546080
Datasets\captcha_images_v3\037143.png,037143
Datasets\captcha_images_v3\905317.png,905317
Datasets\captcha_images_v3\200581.png,200581
Datasets\captcha_images_v3\586097.png,586097
Datasets\captcha_images_v3\192633.png,192633
Datasets\captcha_images_v3\204857.png,204857
Datasets\captcha_images_v3\241745.png,241745
Datasets\captcha_images_v3\567223.png,567223
Datasets\captcha_images_v3\042898.png,042898
Datasets\captcha_images_v3\676917.png,676917
Datasets\captcha_images_v3\765681.png,765681
Datasets\captcha_images_v3\174268.png,174268
Datasets\captcha_images_v3\279254.png,279254
Datasets\captcha_images_v3\131832.png,131832
Datasets\captcha_images_v3\923509.png,923509
Datasets\captcha_images_v3\492994.png,492994
Datasets\captcha_images_v3\754767.png,754767
Datasets\captcha_images_v3\487585.png,487585
Datasets\captcha_images_v3\878524.png,878524
Datasets\captcha_images_v3\493731.png,493731
Datasets\captcha_images_v3\003832.png,003832
Datasets\captcha_images_v3\562104.png,562104
Datasets\captcha_images_v3\250325.png,250325
Datasets\captcha_images_v3\223900.png,223900
Datasets\captcha_images_v3\829779.png,829779
Datasets\captcha_images_v3\823893.png,823893
Datasets\captcha_images_v3\118573.png,118573
Datasets\captcha_images_v3\528483.png,528483
Datasets\captcha_images_v3\478628.png,478628
Datasets\captcha_images_v3\552989.png,552989
Datasets\captcha_images_v3\780649.png,780649
Datasets\captcha_images_v3\573843.png,573843
Datasets\captcha_images_v3\602156.png,602156
Datasets\captcha_images_v3\042038.png,042038
Datasets\captcha_images_v3\212252.png,212252
Datasets\captcha_images_v3\385922.png,385922
Datasets\captcha_images_v3\436450.png,436450
Datasets\captcha_images_v3\539509.png,539509
Datasets\captcha_images_v3\850595.png,850595
Datasets\captcha_images_v3\841157.png,841157
Datasets\captcha_images_v3\895052.png,895052
Datasets\captcha_images_v3\349531.png,349531
Datasets\captcha_images_v3\780243.png,780243
Datasets\captcha_images_v3\425307.png,425307
Datasets\captcha_images_v3\995118.png,995118
Datasets\captcha_images_v3\166937.png,166937
Datasets\captcha_images_v3\908777.png,908777
Datasets\captcha_images_v3\902749.png,902749
Datasets\captcha_images_v3\406830.png,406830
Datasets\captcha_images_v3\420409.png,420409
Datasets\captcha_images_v3\403139.png,403139
Datasets\captcha_images_v3\318977.png,318977
Datasets\captcha_images_v3\439859.png,439859
Datasets\captcha_images_v3\396158.png,396158
Datasets\captcha_images_v3\839798.png,839798
Datasets\captcha_images_v3\763333.png,763333
Datasets\captcha_images_v3\955603.png,955603
Datasets\captcha_images_v3\585529.png,585529
Datasets\captcha_images_v3\583243.png,583243
Datasets\captcha_images_v3\701430.png,701430
Datasets\captcha_images_v3\974622.png,974622
Datasets\captcha_images_v3\051412.png,051412
Datasets\captcha_images_v3\743476.png,743476
Datasets\captcha_images_v3\580352.png,580352
Datasets\captcha_images_v3\236758.png,236758
Datasets\captcha_images_v3\200521.png,200521
Datasets\captcha_images_v3\502200.png,502200
Datasets\captcha_images_v3\664126.png,664126
Datasets\captcha_images_v3\855186.png,855186
Datasets\captcha_images_v3\608296.png,608296
Datasets\captcha_images_v3\632738.png,632738
Datasets\captcha_images_v3\143774.png,143774
Datasets\captcha_images_v3\192735.png,192735
Datasets\captcha_images_v3\876950.png,876950
Datasets\captcha_images_v3\268004.png,268004
Datasets\captcha_images_v3\101365.png,101365
Datasets\captcha_images_v3\228780.png,228780
Datasets\captcha_images_v3\810924.png,810924
Datasets\captcha_images_v3\137276.png,137276
Datasets\captcha_images_v3\993011.png,993011
Datasets\captcha_images_v3\858682.png,858682
Datasets\captcha_images_v3\391748.png,391748
Datasets\captcha_images_v3\757365.png,757365
Datasets\captcha_images_v3\021955.png,021955
Datasets\captcha_images_v3\805737.png,805737
Datasets\captcha_images_v3\831165.png,831165
Datasets\captcha_images_v3\627280.png,627280
Datasets\captcha_images_v3\927206.png,927206
Datasets\captcha_images_v3\048125.png,048125
Datasets\captcha_images_v3\970546.png,970546
Datasets\captcha_images_v3\912996.png,912996
Datasets\captcha_images_v3\554225.png,554225
Datasets\captcha_images_v3\737811.png,737811
Datasets\captcha_images_v3\340075.png,340075
Datasets\captcha_images_v3\416056.png,416056
Datasets\captcha_images_v3\820359.png,820359
Datasets\captcha_images_v3\790515.png,790515
Datasets\captcha_images_v3\613791.png,613791
Datasets\captcha_images_v3\113604.png,113604
Datasets\captcha_images_v3\747542.png,747542
Datasets\captcha_images_v3\117523.png,117523
Datasets\captcha_images_v3\100990.png,100990
Datasets\captcha_images_v3\024290.png,024290
Datasets\captcha_images_v3\244869.png,244869
Datasets\captcha_images_v3\942090.png,942090
Datasets\captcha_images_v3\352618.png,352618
Datasets\captcha_images_v3\065410.png,065410
Datasets\captcha_images_v3\707660.png,707660
Datasets\captcha_images_v3\653041.png,653041
Datasets\captcha_images_v3\435134.png,435134
Datasets\captcha_images_v3\265210.png,265210
Datasets\captcha_images_v3\926611.png,926611
Datasets\captcha_images_v3\743729.png,743729
Datasets\captcha_images_v3\139834.png,139834
Datasets\captcha_images_v3\093197.png,093197
Datasets\captcha_images_v3\792451.png,792451
Datasets\captcha_images_v3\916918.png,916918
Datasets\captcha_images_v3\724779.png,724779
Datasets\captcha_images_v3\439916.png,439916
Datasets\captcha_images_v3\076232.png,076232
Datasets\captcha_images_v3\802598.png,802598
Datasets\captcha_images_v3\598368.png,598368
Datasets\captcha_images_v3\785880.png,785880
Datasets\captcha_images_v3\310963.png,310963
Datasets\captcha_images_v3\902141.png,902141
Datasets\captcha_images_v3\406144.png,406144
Datasets\captcha_images_v3\819162.png,819162
Datasets\captcha_images_v3\611026.png,611026
Datasets\captcha_images_v3\742361.png,742361
Datasets\captcha_images_v3\931590.png,931590
Datasets\captcha_images_v3\489139.png,489139
Datasets\captcha_images_v3\085269.png,085269
Datasets\captcha_images_v3\074404.png,074404
Datasets\captcha_images_v3\700397.png,700397
Datasets\captcha_images_v3\750678.png,750678
Datasets\captcha_images_v3\502848.png,502848
Datasets\captcha_images_v3\854466.png,854466
Datasets\captcha_images_v3\606137.png,606137
Datasets\captcha_images_v3\749220.png,749220
Datasets\captcha_images_v3\313267.png,313267
Datasets\captcha_images_v3\075249.png,075249
Datasets\captcha_images_v3\679078.png,679078
Datasets\captcha_images_v3\208073.png,208073
Datasets\captcha_images_v3\754463.png,754463
Datasets\captcha_images_v3\054553.png,054553
Datasets\captcha_images_v3\183046.png,183046
Datasets\captcha_images_v3\501331.png,501331
Datasets\captcha_images_v3\360419.png,360419
Datasets\captcha_images_v3\302056.png,302056
Datasets\captcha_images_v3\214500.png,214500
Datasets\captcha_images_v3\675083.png,675083
Datasets\captcha_images_v3\539256.png,539256
Datasets\captcha_images_v3\172968.png,172968
Datasets\captcha_images_v3\879029.png,879029
Datasets\captcha_images_v3\443890.png,443890
Datasets\captcha_images_v3\466607.png,466607
Datasets\captcha_images_v3\621922.png,621922
Datasets\captcha_images_v3\864181.png,864181
Datasets\captcha_images_v3\140140.png,140140
Datasets\captcha_images_v3\327443.png,327443
Datasets\captcha_images_v3\190079.png,190079
Datasets\captcha_images_v3\830228.png,830228
Datasets\captcha_images_v3\551538.png,551538
Datasets\captcha_images_v3\728511.png,728511
Datasets\captcha_images_v3\323961.png,323961
Datasets\captcha_images_v3\968980.png,968980
Datasets\captcha_images_v3\585451.png,585451
Datasets\captcha_images_v3\256205.png,256205
Datasets\captcha_images_v3\888242.png,888242
Datasets\captcha_images_v3\239737.png,239737
Datasets\captcha_images_v3\311469.png,311469
Datasets\captcha_images_v3\772776.png,772776
Datasets\captcha_images_v3\536918.png,536918
Datasets\captcha_images_v3\212048.png,212048
Datasets\captcha_images_v3\979191.png,979191
Datasets\captcha_images_v3\920386.png,920386
Datasets\captcha_images_v3\889943.png,889943
Datasets\captcha_images_v3\118040.png,118040
Datasets\captcha_images_v3\518639.png,518639
Datasets\captcha_images_v3\379655.png,379655
Datasets\captcha_images_v3\331846.png,331846
Datasets\captcha_images_v3\027363.png,027363
Datasets\captcha_images_v3\582713.png,582713
Datasets\captcha_images_v3\956287.png,956287
Datasets\captcha_images_v3\006039.png,006039
Datasets\captcha_images_v3\114604.png,114604
Datasets\captcha_images_v3\279181.png,279181
Datasets\captcha_images_v3\489310.png,489310
Datasets\captcha_images_v3\432520.png,432520
Datasets\captcha_images_v3\438232.png,438232
Datasets\captcha_images_v3\650615.png,650615
Datasets\captcha_images_v3\724291.png,724291
Datasets\captcha_images_v3\695858.png,695858
Datasets\captcha_images_v3\023033.png,023033
Datasets\captcha_images_v3\824841.png,824841
Datasets\captcha_images_v3\473750.png,473750
Datasets\captcha_images_v3\438694.png,438694
Datasets\captcha_images_v3\602723.png,602723
Datasets\captcha_images_v3\034482.png,034482
Datasets\captcha_images_v3\033922.png,033922
Datasets\captcha_images_v3\934363.png,934363
Datasets\captcha_images_v3\257436.png,257436
Datasets\captcha_images_v3\615508.png,615508
Datasets\captcha_images_v3\598220.png,598220
Datasets\captcha_images_v3\621247.png,621247
Datasets\captcha_images_v3\050225.png,050225
Datasets\captcha_images_v3\506860.png,506860
Datasets\captcha_images_v3\546012.png,546012
Datasets\captcha_images_v3\921055.png,921055
Datasets\captcha_images_v3\851905.png,851905
Datasets\captcha_images_v3\172038.png,172038
Datasets\captcha_images_v3\994207.png,994207
Datasets\captcha_images_v3\237337.png,237337
Datasets\captcha_images_v3\126690.png,126690
Datasets\captcha_images_v3\310372.png,310372
Datasets\captcha_images_v3\214411.png,214411
Datasets\captcha_images_v3\203584.png,203584
Datasets\captcha_images_v3\395306.png,395306
Datasets\captcha_images_v3\905462.png,905462
Datasets\captcha_images_v3\584988.png,584988
Datasets\captcha_images_v3\422131.png,422131
Datasets\captcha_images_v3\101723.png,101723
Datasets\captcha_images_v3\531584.png,531584
Datasets\captcha_images_v3\284292.png,284292
Datasets\captcha_images_v3\590179.png,590179
Datasets\captcha_images_v3\291873.png,291873
Datasets\captcha_images_v3\303126.png,303126
Datasets\captcha_images_v3\198005.png,198005
Datasets\captcha_images_v3\674888.png,674888
Datasets\captcha_images_v3\948971.png,948971
Datasets\captcha_images_v3\023140.png,023140
Datasets\captcha_images_v3\117679.png,117679
Datasets\captcha_images_v3\229808.png,229808
Datasets\captcha_images_v3\155935.png,155935
Datasets\captcha_images_v3\513333.png,513333
Datasets\captcha_images_v3\141678.png,141678
Datasets\captcha_images_v3\298197.png,298197
Datasets\captcha_images_v3\772311.png,772311
Datasets\captcha_images_v3\802928.png,802928
Datasets\captcha_images_v3\496033.png,496033
Datasets\captcha_images_v3\438221.png,438221
Datasets\captcha_images_v3\837049.png,837049
Datasets\captcha_images_v3\630663.png,630663
Datasets\captcha_images_v3\921382.png,921382
Datasets\captcha_images_v3\530043.png,530043
Datasets\captcha_images_v3\318674.png,318674
Datasets\captcha_images_v3\004225.png,004225
Datasets\captcha_images_v3\911773.png,911773
Datasets\captcha_images_v3\230697.png,230697
Datasets\captcha_images_v3\516191.png,516191
Datasets\captcha_images_v3\732486.png,732486
Datasets\captcha_images_v3\538879.png,538879
Datasets\captcha_images_v3\111757.png,111757
Datasets\captcha_images_v3\722489.png,722489
Datasets\captcha_images_v3\573683.png,573683
Datasets\captcha_images_v3\753330.png,753330
Datasets\captcha_images_v3\938624.png,938624
Datasets\captcha_images_v3\813511.png,813511
Datasets\captcha_images_v3\646665.png,646665
Datasets\captcha_images_v3\206538.png,206538
Datasets\captcha_images_v3\857606.png,857606
Datasets\captcha_images_v3\978940.png,978940
Datasets\captcha_images_v3\561603.png,561603
Datasets\captcha_images_v3\641501.png,641501
Datasets\captcha_images_v3\684371.png,684371
Datasets\captcha_images_v3\590633.png,590633
Datasets\captcha_images_v3\742808.png,742808
Datasets\captcha_images_v3\865360.png,865360
Datasets\captcha_images_v3\175400.png,175400
Datasets\captcha_images_v3\973161.png,973161
Datasets\captcha_images_v3\498411.png,498411
Datasets\captcha_images_v3\459988.png,459988
Datasets\captcha_images_v3\568866.png,568866
Datasets\captcha_images_v3\342048.png,342048
Datasets\captcha_images_v3\484043.png,484043
Datasets\captcha_images_v3\506740.png,506740
Datasets\captcha_images_v3\585410.png,585410
Datasets\captcha_images_v3\647787.png,647787
Datasets\captcha_images_v3\068556.png,068556
Datasets\captcha_images_v3\155855.png,155855
Datasets\captcha_images_v3\847791.png,847791
Datasets\captcha_images_v3\669970.png,669970
Datasets\captcha_images_v3\072008.png,072008
Datasets\captcha_images_v3\857854.png,857854
Datasets\captcha_images_v3\814306.png,814306
Datasets\captcha_images_v3\464962.png,464962
Datasets\captcha_images_v3\030001.png,030001
Datasets\captcha_images_v3\675196.png,675196
Datasets\captcha_images_v3\998497.png,998497
Datasets\captcha_images_v3\935501.png,935501
Datasets\captcha_images_v3\749678.png,749678
Datasets\captcha_images_v3\778486.png,778486
Datasets\captcha_images_v3\194034.png,194034
Datasets\captcha_images_v3\395192.png,395192
Datasets\captcha_images_v3\299190.png,299190
Datasets\captcha_images_v3\195145.png,195145
Datasets\captcha_images_v3\408971.png,408971
Datasets\captcha_images_v3\193876.png,193876
Datasets\captcha_images_v3\344385.png,344385
Datasets\captcha_images_v3\892919.png,892919
Datasets\captcha_images_v3\770517.png,770517
Datasets\captcha_images_v3\150878.png,150878
Datasets\captcha_images_v3\416096.png,416096
Datasets\captcha_images_v3\276902.png,276902
Datasets\captcha_images_v3\258118.png,258118
Datasets\captcha_images_v3\661185.png,661185
Datasets\captcha_images_v3\023781.png,023781
Datasets\captcha_images_v3\613239.png,613239
Datasets\captcha_images_v3\302729.png,302729
Datasets\captcha_images_v3\716594.png,716594
Datasets\captcha_images_v3\944409.png,944409
Datasets\captcha_images_v3\792325.png,792325
Datasets\captcha_images_v3\816109.png,816109
Datasets\captcha_images_v3\466414.png,466414
Datasets\captcha_images_v3\442981.png,442981
Datasets\captcha_images_v3\728004.png,728004
Datasets\captcha_images_v3\945805.png,945805
Datasets\captcha_images_v3\616463.png,616463
Datasets\captcha_images_v3\373121.png,373121
Datasets\captcha_images_v3\443053.png,443053
Datasets\captcha_images_v3\224099.png,224099
Datasets\captcha_images_v3\221483.png,221483
Datasets\captcha_images_v3\584394.png,584394
Datasets\captcha_images_v3\162601.png,162601
Datasets\captcha_images_v3\791384.png,791384
Datasets\captcha_images_v3\358650.png,358650
Datasets\captcha_images_v3\117385.png,117385
